<?xml version="1.0" encoding="ISO-8859-1"?>
<metadata>
   <idinfo>
      <citation>
         <citeinfo>
            <origin>U.S. Department of Commerce, U.S. Census Bureau, Geography Division/Cartographic Products Branch</origin>
            <pubdate>201505</pubdate>
            <title>2014 Cartographic Boundary File, Urban Area-State-County for Ohio, 1:500,000</title>
            <geoform>vector digital data</geoform>
            <serinfo>
               <sername>Cartographic Boundary Files</sername>
               <issue>2014</issue>
            </serinfo>
            <onlink>http://www2.census.gov/geo/tiger/GENZ2014/shp/cb_2014_39_county_within_ua_500k.zip</onlink>
         </citeinfo>
      </citation>
      <descript>
         <abstract>The 2014 cartographic boundary shapefiles are simplified representations of selected geographic areas from the U.S. Census Bureau's Master Address File / Topologically Integrated Geographic Encoding and Referencing (MAF/TIGER) Database (MTDB). These boundary files are specifically designed for small-scale thematic mapping. When possible, generalization is performed with the intent to maintain the hierarchical relationships among geographies and to maintain the alignment of geographies within a file set for a given year. Geographic areas may not align with the same areas from another year. Some geographies are available as nation-based files while others are available only as state-based files.

The records in this file allow users to map the parts of Urban Areas that overlap a particular county.

After each decennial census, the Census Bureau delineates urban areas that represent densely developed territory, encompassing residential, commercial, and other nonresidential urban land uses.  In general, this territory consists of areas of high population density and urban land use resulting in a representation of the "urban footprint."  There are two types of urban areas: urbanized areas (UAs) that contain 50,000 or more people and urban clusters (UCs) that contain at least 2,500 people, but fewer than 50,000 people (except in the U.S. Virgin Islands and Guam which each contain urban clusters with populations greater than 50,000).  Each urban area is identified by a 5-character numeric census code that may contain leading zeroes.

The primary legal divisions of most states are termed counties.  In Louisiana, these divisions are known as parishes.  In Alaska, which has no counties, the equivalent entities are the organized boroughs, city and boroughs, municipalities, and for the unorganized area, census areas.  The latter are delineated cooperatively for statistical purposes by the State of Alaska and the Census Bureau.  In four states (Maryland, Missouri, Nevada, and Virginia), there are one or more incorporated places that are independent of any county organization and thus constitute primary divisions of their states.  These incorporated places are known as independent cities and are treated as equivalent entities for purposes of data presentation.  The District of Columbia and Guam have no primary divisions, and each area is considered an equivalent entity for purposes of data presentation.  The Census Bureau treats the following entities as equivalents of counties for purposes of data presentation: Municipios in Puerto Rico, Districts and Islands in American Samoa, Municipalities in the Commonwealth of the Northern Mariana Islands, and Islands in the U.S. Virgin Islands.  The entire area of the United States, Puerto Rico, and the Island Areas is covered by counties or equivalent entities.  

The boundaries for counties and equivalent entities are as of January 1, 2010.</abstract>
         <purpose>These files were specifically created to support small-scale thematic mapping.  To improve the appearance of shapes at small scales, areas are represented with fewer vertices than detailed TIGER/Line Shapefiles.  Cartographic boundary files take up less disk space than their ungeneralized counterparts.  Cartographic boundary files take less time to render on screen than TIGER/Line Shapefiles.  You can join this file with table data downloaded from American FactFinder by using the AFFGEOID field in the cartographic boundary file.  If detailed boundaries are required, please use the TIGER/Line Shapefiles instead of the generalized cartographic boundary files.</purpose>
      </descript>
      <timeperd>
         <timeinfo>
            <rngdates>
               <begdate>201505</begdate>
               <enddate>201505</enddate>
            </rngdates>
         </timeinfo>
         <current>publication date</current>
      </timeperd>
      <status>
         <progress>Complete</progress>
         <update>None planned.  No changes or updates will be made to this version of the cartographic boundary files.  New versions of the cartographic boundary files will be produced on an annual release schedule.  Types of geography released may vary from year to year.</update>
      </status>
      <spdom>
         <bounding>
            <westbc>-84.820159</westbc>
            <eastbc>-80.518693</eastbc>
            <northbc>41.977523</northbc>
            <southbc>38.403202</southbc>
         </bounding>
      </spdom>
      <keywords>
         <theme>
            <themekt>ISO 19115 Topic Categories</themekt>
            <themekey>Boundaries</themekey>
         </theme>
         <theme>
            <themekt>None</themekt>
            <themekey>2014</themekey>
            <themekey>SHP</themekey>
            <themekey>Cartographic Boundary</themekey>
            <themekey>County</themekey>
            <themekey>Generalized</themekey>
            <themekey>State</themekey>
            <themekey>UA</themekey>
            <themekey>UC</themekey>
            <themekey>Urban Area</themekey>
            <themekey>Urban Cluster</themekey>
            <themekey>Urbanized Area</themekey>
         </theme>
         <place>
            <placekt>ANSI INCITS 38:2009 (Formerly FIPS 5-2), ANSI INCITS 31:2009 (Formerly FIPS 6-4),ANSI INCITS 454:2009 (Formerly FIPS 8-6), ANSI INCITS 455:2009(Formerly FIPS 9-1), ANSI INCITS 446:2008 (Geographic Names Information System (GNIS))</placekt>
            <placekey>Ohio</placekey>
            <placekey>OH</placekey>
         </place>
      </keywords>
      <accconst>None</accconst>
      <useconst>The intended display scale for this file is 1:500,000.  This file should not be displayed at scales larger than 1:500,000.

These products are free to use in a product or publication, however acknowledgement must be given to the U.S. Census Bureau as the source.  The boundary information is for visual display at appropriate small scales only.  Cartographic boundary files should not be used for geographic analysis including area or perimeter calculation.  Files should not be used for geocoding addresses.  Files should not be used for determining precise geographic area relationships.
</useconst>
      <ptcontac>
         <cntinfo>
            <cntorgp>
               <cntorg>U.S. Department of Commerce, U.S. Census Bureau, Geography Division, Geographic Products Branch</cntorg>
            </cntorgp>
            <cntaddr>
               <addrtype>mailing</addrtype>
               <address>4600 Silver Hill Road</address>
               <city>Washington</city>
               <state>DC</state>
               <postal>20233-7400</postal>
               <country>United States</country>
            </cntaddr>
            <cntvoice>301.763.1128</cntvoice>
            <cntfax>301.763.4710</cntfax>
            <cntemail>geo.geography@census.gov</cntemail>
         </cntinfo>
      </ptcontac>
   </idinfo>
   <dataqual>
      <attracc>
         <attraccr>Accurate against American National Standards Institute (ANSI) Publication INCITS 446-2008 (Geographic Names Information System (GNIS)) at the 100% level for the codes and base names present in the file.  The remaining attribute information has been examined but has not been fully tested for accuracy.</attraccr>
      </attracc>
      <logic>The Census Bureau performed automated tests to ensure logical consistency of the source database.  Segments making up the outer and inner boundaries of a polygon tie end-to-end to completely enclose the area.  All polygons were tested for closure. The Census Bureau uses its internally developed geographic update system to enhance and modify spatial and attribute data in the Census MAF/TIGER database.  Standard geographic codes, such as INCITS (formerly FIPS) codes for states, counties, municipalities, county subdivisions, places, American Indian/Alaska Native/Native Hawaiian areas, and congressional districts are used when encoding spatial entities.  The Census Bureau performed spatial data tests for logical consistency of the codes during the compilation of the original Census MAF/TIGER database files.  Feature attribute information has been examined but has not been fully tested for consistency.

For the cartographic boundary files, the Point and Vector Object Count for the G-polygon SDTS Point and Vector Object Type reflects the number of records in the file's data table.  For multi-polygon features, only one attribute record exists for each multi-polygon rather than one attribute record per individual G-polygon component of the multi-polygon feature.  Cartographic Boundary File multi-polygons are an exception to the G-polygon object type classification.  Therefore, when multi-polygons exist in a file, the object count will be less than the actual number of G-polygons.</logic>
      <complete>The cartographic boundary files are generalized representations of extracts taken from the MAF/TIGER Database. Generalized boundary files are clipped to a simplified version of the U.S. outline. As a result, some off-shore areas may be excluded from the generalized files. Some small holes or discontiguous parts of areas are not included in generalized files.</complete>
      <posacc>
         <horizpa>
            <horizpar>Data are not accurate. Data are generalized representations of geographic boundaries at 1:500,000.</horizpar>
         </horizpa>
      </posacc>
      <lineage>
         <srcinfo>
            <srccite>
               <citeinfo>
                  <origin>U.S. Department of Commerce, U.S. Census Bureau, Geography Division, Geographic Products Branch</origin>
                  <pubdate>unpublished material</pubdate>
                  <title>Census MAF/TIGER database</title>
               </citeinfo>
            </srccite>
            <typesrc>Geo-spatial Relational Database</typesrc>
            <srctime>
               <timeinfo>
                  <rngdates>
                     <begdate>20140101</begdate>
                     <enddate>20140101</enddate>
                  </rngdates>
               </timeinfo>
               <srccurr>The dates describe the effective date of 2014 cartographic boundaries.</srccurr>
            </srctime>
            <srccitea>MAF/TIGER</srccitea>
            <srccontr>All spatial and feature data</srccontr>
         </srcinfo>
         <procstep>
            <procdesc>Spatial data were extracted from the MAF/TIGER database and processed through a U.S. Census Bureau batch generalization system.</procdesc>
            <srcused>MAF/TIGER</srcused>
            <procdate>201505</procdate>
         </procstep>
      </lineage>
   </dataqual>
   <spdoinfo>
      <indspref>INCITS (formerly FIPS) codes</indspref>
      <direct>Vector</direct>
      <ptvctinf>
         <sdtsterm>
            <sdtstype>G-polygon</sdtstype>
            <ptvctcnt>219</ptvctcnt>
         </sdtsterm>
      </ptvctinf>
   </spdoinfo>
   <spref>
      <horizsys>
         <geograph>
            <latres>0.000458</latres>
            <longres>0.000458</longres>
            <geogunit>Decimal degrees</geogunit>
         </geograph>
         <geodetic>
            <horizdn>North American Datum of 1983</horizdn>
            <ellips>Geodetic Reference System 80</ellips>
            <semiaxis>6378137.000000</semiaxis>
            <denflat>298.257222</denflat>
         </geodetic>
      </horizsys>
   </spref>
   <eainfo>
      <detailed>
         <enttyp>
            <enttypl>cb_2014_39_county_within_ua_500k.shp</enttypl>
            <enttypd>2010 Urban Areas (UA) within County State-based entities</enttypd>
            <enttypds>U.S. Census Bureau</enttypds>
         </enttyp>
         <attr>
            <attrlabl>STATEFP10</attrlabl>
            <attrdef>2010 Census state Federal Information Processing Series (FIPS) code</attrdef>
            <attrdefs>U.S. Census Bureau</attrdefs>
            <attrdomv>
               <codesetd>
                  <codesetn>National Standard Codes (ANSI INCITS 38-2009), Federal Information Processing Series (FIPS) - States/State Equivalents</codesetn>
                  <codesets>U.S. Census Bureau</codesets>
               </codesetd>
            </attrdomv>
         </attr>
         <attr>
            <attrlabl>COUNTYFP10</attrlabl>
            <attrdef>2010 Census county Federal Information Processing Series (FIPS) code</attrdef>
            <attrdefs>U.S. Census Bureau</attrdefs>
            <attrdomv>
               <codesetd>
                  <codesetn>National Standard Codes (ANSI INCITS 31-2009), Federal Information Processing Series (FIPS) - Counties/County Equivalents</codesetn>
                  <codesets>U.S. Census Bureau</codesets>
               </codesetd>
            </attrdomv>
         </attr>
         <attr>
            <attrlabl>UACE10</attrlabl>
            <attrdef>2010 Census urban area code</attrdef>
            <attrdefs>U.S. Census Bureau</attrdefs>
            <attrdomv>
               <rdom>
                  <rdommin>00001</rdommin>
                  <rdommax>98999</rdommax>
               </rdom>
            </attrdomv>
         </attr>
         <attr>
            <attrlabl>AFFGEOID10</attrlabl>
            <attrdef>American FactFinder summary level code + geovariant code + '00US' + GEOID</attrdef>
            <attrdefs>U.S. Census Bureau</attrdefs>
            <attrdomv>
               <codesetd>
                  <codesetn>American FactFinder geographic identifier</codesetn>
                  <codesets>U.S. Census Bureau</codesets>
               </codesetd>
            </attrdomv>
         </attr>
         <attr>
            <attrlabl>GEOID10</attrlabl>
            <attrdef>County within UA identitfier; a concatenation of 2010 urban area code, state Federal Information Processing Series (FIPS) code and county FIPS code</attrdef>
            <attrdefs>U.S. Census Bureau</attrdefs>
            <attrdomv>
               <udom>The GEOID10 attribute is a concatenation of: a) urban area code code found in UACE10, b) state FIPS code, c) county FIPS code. No spaces are allowed between the codes. The urban area code is taken from the "UACE10" attribute. The State FIPS code is taken from "National Standard Codes (ANSI INCITS 38-2009), Federal Information Processing Series(FIPS) - States".  The county FIPS code is taken from "National Standard Codes (ANSI INCITS 31-2009), Federal Information Processing Series (FIPS) - Counties/County Equivalents".</udom>
            </attrdomv>
         </attr>
         <attr>
            <attrlabl>UATYP10</attrlabl>
            <attrdef>2010 Census urban area type</attrdef>
            <attrdefs>U.S. Census Bureau</attrdefs>
            <attrdomv>
               <edom>
                  <edomv>C</edomv>
                  <edomvd>Urban Cluster (suffix)</edomvd>
                  <edomvds>U.S. Census Bureau</edomvds>
               </edom>
            </attrdomv>
            <attrdomv>
               <edom>
                  <edomv>U</edomv>
                  <edomvd>Urbanized Area (suffix)</edomvd>
                  <edomvds>U.S. Census Bureau</edomvds>
               </edom>
            </attrdomv>
         </attr>
         <attr>
            <attrlabl>PARTFLG</attrlabl>
            <attrdef>The part flag indicates whether the county is completely (N) or partially (Y) within the UA.</attrdef>
            <attrdefs>U.S. Census Bureau</attrdefs>
            <attrdomv>
               <edom>
                  <edomv>N</edomv>
                  <edomvd>No</edomvd>
                  <edomvds>U.S. Census Bureau</edomvds>
               </edom>
            </attrdomv>
            <attrdomv>
               <edom>
                  <edomv>Y</edomv>
                  <edomvd>Yes</edomvd>
                  <edomvds>U.S. Census Bureau</edomvds>
               </edom>
            </attrdomv>
         </attr>
         <attr>
            <attrlabl>ALAND10</attrlabl>
            <attrdef>2010 Census land area (square meters)</attrdef>
            <attrdefs>U.S. Census Bureau</attrdefs>
            <attrdomv>
               <rdom>
                  <rdommin>0</rdommin>
                  <rdommax>9,999,999,999,999</rdommax>
                  <attrunit>square meters</attrunit>
               </rdom>
            </attrdomv>
         </attr>
      </detailed>
   </eainfo>
   <distinfo>
      <distrib>
         <cntinfo>
            <cntorgp>
               <cntorg>U.S. Department of Commerce, U.S. Census Bureau, Geography Division, Geographic Products Branch</cntorg>
            </cntorgp>
            <cntaddr>
               <addrtype>mailing</addrtype>
               <address>4600 Silver Hill Road</address>
               <city>Washington</city>
               <state>DC</state>
               <postal>20233-7400</postal>
               <country>United States</country>
            </cntaddr>
            <cntvoice>301.763.1128</cntvoice>
            <cntfax>301.763.4710</cntfax>
            <cntemail>geo.geography@census.gov</cntemail>
         </cntinfo>
      </distrib>
      <distliab>No warranty, expressed or implied is made with regard to the accuracy of these data, and no liability is assumed by the U.S. Government in general or the U.S. Census Bureau in specific as to the spatial or attribute accuracy of the data.  The act of distribution shall not constitute any such warranty and no responsibility is assumed by the U.S. government in the use of these files.  The boundary information is for small-scale mapping purposes only; boundary depiction and designation for small-scale mapping purposes do not constitute a determination of jurisdictional authority or rights of ownership or entitlement and they are not legal land descriptions.</distliab>
      <stdorder>
         <digform>
            <digtinfo>
               <formname>SHP</formname>
               <filedec>PK-ZIP, version 1.93A or higher</filedec>
            </digtinfo>
            <digtopt>
               <onlinopt>
                  <computer>
                     <networka>
                        <networkr>http://www2.census.gov/geo/tiger/GENZ2014/shp/cb_2014_39_county_within_ua_500k.zip</networkr>
                     </networka>
                  </computer>
               </onlinopt>
            </digtopt>
         </digform>
         <fees>The online cartographic boundary files may be downloaded without charge.</fees>
         <ordering>To obtain more information about ordering Cartographic Boundary Files visit http://www.census.gov/geo/www/tiger.</ordering>
      </stdorder>
      <techpreq>The cartographic boundary files contain geographic data only and do not include display mapping software or statistical data.  For information on how to use cartographic boundary file data with specific software package users shall contact the company that produced the software.</techpreq>
   </distinfo>
   <metainfo>
      <metd>201505</metd>
      <metc>
         <cntinfo>
            <cntorgp>
               <cntorg>U.S. Department of Commerce, U.S. Census Bureau, Geography Division, Geographic Products Branch</cntorg>
            </cntorgp>
            <cntaddr>
               <addrtype>mailing</addrtype>
               <address>4600 Silver Hill Road</address>
               <city>Washington</city>
               <state>DC</state>
               <postal>20233-7400</postal>
               <country>United States</country>
            </cntaddr>
            <cntvoice>301.763.1128</cntvoice>
            <cntfax>301.763.4710</cntfax>
            <cntemail>geo.geography@census.gov</cntemail>
         </cntinfo>
      </metc>
      <metstdn>Content Standard for Digital Geospatial Metadata</metstdn>
      <metstdv>FGDC-STD-001-1998</metstdv>
   </metainfo>
</metadata>